{
  "center-lat": 39.546412,
  "center-lng": 140.822754,
  "zoom": 9,
  "overlap-height": 48
}